league,name,href,value
Cyprus League,Pafos FC,https://www.transfermarkt.com/pafos-fc/kader/verein/45457/saison_id/2024,24150000
Cyprus League,Aris Limassol,https://www.transfermarkt.com/aris-limassol/kader/verein/10586/saison_id/2024,20000000
Cyprus League,Omonia Nicosia,https://www.transfermarkt.com/omonia-nicosia/kader/verein/829/saison_id/2024,19230000
Cyprus League,APOEL Nicosia,https://www.transfermarkt.com/apoel-nicosia/kader/verein/2784/saison_id/2024,14850000
Cyprus League,AEK Larnaca,https://www.transfermarkt.com/aek-larnaca/kader/verein/2156/saison_id/2024,13980000
Cyprus League,Apollon Limassol,https://www.transfermarkt.com/apollon-limassol/kader/verein/429/saison_id/2024,12430000
Cyprus League,Anorthosis Famagusta,https://www.transfermarkt.com/anorthosis-famagusta/kader/verein/3899/saison_id/2024,11250000
Cyprus League,AEL Limassol,https://www.transfermarkt.com/ael-limassol/kader/verein/786/saison_id/2024,9430000
Cyprus League,Karmiotissa Pano Polemidion,https://www.transfermarkt.com/karmiotissa-pano-polemidion/kader/verein/42109/saison_id/2024,6500000
Cyprus League,Nea Salamina Famagusta,https://www.transfermarkt.com/nea-salamina-famagusta/kader/verein/18945/saison_id/2024,5850000
Cyprus League,Ethnikos Achnas,https://www.transfermarkt.com/ethnikos-achnas/kader/verein/4590/saison_id/2024,5530000
Cyprus League,Omonia 29is Maiou,https://www.transfermarkt.com/omonia-29is-maiou/kader/verein/91288/saison_id/2024,4580000
Cyprus League,Enosis Neon Paralimniou,https://www.transfermarkt.com/enosis-neon-paralimniou/kader/verein/840/saison_id/2024,3800000
Cyprus League,Omonia Aradippou,https://www.transfermarkt.com/omonia-aradippou/kader/verein/16024/saison_id/2024,2880000
Premijer Liga BiH,FK Sarajevo,https://www.transfermarkt.com/fk-sarajevo/kader/verein/282/saison_id/2024,11300000
Premijer Liga BiH,HSK Zrinjski Mostar,https://www.transfermarkt.com/hsk-zrinjski-mostar/kader/verein/6808/saison_id/2024,9700000
Premijer Liga BiH,FK Borac Banja Luka,https://www.transfermarkt.com/fk-borac-banja-luka/kader/verein/3900/saison_id/2024,8600000
Premijer Liga BiH,FK Velez Mostar,https://www.transfermarkt.com/fk-velez-mostar/kader/verein/628/saison_id/2024,5700000
Premijer Liga BiH,FK Zeljeznicar Sarajevo,https://www.transfermarkt.com/fk-zeljeznicar-sarajevo/kader/verein/2573/saison_id/2024,4900000
Premijer Liga BiH,FK Sloboda Tuzla,https://www.transfermarkt.com/fk-sloboda-tuzla/kader/verein/5405/saison_id/2024,4050000
Premijer Liga BiH,NK Siroki Brijeg,https://www.transfermarkt.com/nk-siroki-brijeg/kader/verein/1242/saison_id/2024,3800000
Premijer Liga BiH,FK Radnik Bijeljina,https://www.transfermarkt.com/fk-radnik-bijeljina/kader/verein/11040/saison_id/2024,3800000
Premijer Liga BiH,FK Sloga Meridian,https://www.transfermarkt.com/fk-sloga-meridian/kader/verein/7569/saison_id/2024,3550000
Premijer Liga BiH,HSK Posusje,https://www.transfermarkt.com/hsk-posusje/kader/verein/1014/saison_id/2024,3400000
Premijer Liga BiH,FK Igman Konjic,https://www.transfermarkt.com/fk-igman-konjic/kader/verein/11100/saison_id/2024,3200000
Premijer Liga BiH,NK GOSK Gabela,https://www.transfermarkt.com/nk-gosk-gabela/kader/verein/9544/saison_id/2024,2750000
Ligat ha'Al,Maccabi Tel Aviv,https://www.transfermarkt.com/maccabi-tel-aviv/kader/verein/119/saison_id/2024,23180000
Ligat ha'Al,Maccabi Haifa,https://www.transfermarkt.com/maccabi-haifa/kader/verein/1064/saison_id/2024,22910000
Ligat ha'Al,Hapoel Beer Sheva,https://www.transfermarkt.com/hapoel-beer-sheva/kader/verein/2976/saison_id/2024,14230000
Ligat ha'Al,Beitar Jerusalem,https://www.transfermarkt.com/beitar-jerusalem/kader/verein/3793/saison_id/2024,9710000
Ligat ha'Al,Maccabi Netanya,https://www.transfermarkt.com/maccabi-netanya/kader/verein/5223/saison_id/2024,7480000
Ligat ha'Al,Maccabi Petah Tikva,https://www.transfermarkt.com/maccabi-petah-tikva/kader/verein/3785/saison_id/2024,7390000
Ligat ha'Al,Hapoel Jerusalem,https://www.transfermarkt.com/hapoel-jerusalem/kader/verein/43119/saison_id/2024,7180000
Ligat ha'Al,FC Ashdod,https://www.transfermarkt.com/fc-ashdod/kader/verein/6105/saison_id/2024,7050000
Ligat ha'Al,Ihud Bnei Sakhnin,https://www.transfermarkt.com/ihud-bnei-sakhnin/kader/verein/4769/saison_id/2024,5930000
Ligat ha'Al,Ironi Kiryat Shmona,https://www.transfermarkt.com/ironi-kiryat-shmona/kader/verein/6028/saison_id/2024,5890000
Ligat ha'Al,Hapoel Haifa,https://www.transfermarkt.com/hapoel-haifa/kader/verein/810/saison_id/2024,5780000
Ligat ha'Al,Hapoel Hadera,https://www.transfermarkt.com/hapoel-hadera/kader/verein/51931/saison_id/2024,5380000
Ligat ha'Al,Maccabi Bnei Reineh,https://www.transfermarkt.com/maccabi-bnei-reineh/kader/verein/70178/saison_id/2024,5050000
Ligat ha'Al,Ironi Tiberias,https://www.transfermarkt.com/ironi-tiberias/kader/verein/51070/saison_id/2024,4400000
Nike Liga,Slovan Bratislava,https://www.transfermarkt.com/slovan-bratislava/kader/verein/540/saison_id/2024,28780000
Nike Liga,DAC Dunajska Streda,https://www.transfermarkt.com/dac-dunajska-streda/kader/verein/4529/saison_id/2024,13200000
Nike Liga,MSK Zilina,https://www.transfermarkt.com/msk-zilina/kader/verein/1443/saison_id/2024,11750000
Nike Liga,Spartak Trnava,https://www.transfermarkt.com/spartak-trnava/kader/verein/365/saison_id/2024,8680000
Nike Liga,MFK Ruzomberok,https://www.transfermarkt.com/mfk-ruzomberok/kader/verein/7087/saison_id/2024,6430000
Nike Liga,Zeleziarne Podbrezova,https://www.transfermarkt.com/zeleziarne-podbrezova/kader/verein/20063/saison_id/2024,5550000
Nike Liga,AS Trencin,https://www.transfermarkt.com/as-trencin/kader/verein/7918/saison_id/2024,5330000
Nike Liga,FC Kosice,https://www.transfermarkt.com/fc-kosice/kader/verein/51316/saison_id/2024,4730000
Nike Liga,KFC Komarno,https://www.transfermarkt.com/kfc-komarno/kader/verein/32314/saison_id/2024,4179999
Nike Liga,Zemplin Michalovce,https://www.transfermarkt.com/zemplin-michalovce/kader/verein/13744/saison_id/2024,3680000
Nike Liga,MFK Dukla Banska Bystrica,https://www.transfermarkt.com/mfk-dukla-banska-bystrica/kader/verein/20758/saison_id/2024,3550000
Nike Liga,MFK Skalica,https://www.transfermarkt.com/mfk-skalica/kader/verein/35488/saison_id/2024,3050000
Prva Liga,NK Celje,https://www.transfermarkt.com/nk-celje/kader/verein/710/saison_id/2024,14400000
Prva Liga,NK Maribor,https://www.transfermarkt.com/nk-maribor/kader/verein/790/saison_id/2024,10700000
Prva Liga,NK Olimpija Ljubljana,https://www.transfermarkt.com/nk-olimpija-ljubljana/kader/verein/4772/saison_id/2024,9800000
Prva Liga,NS Mura,https://www.transfermarkt.com/ns-mura/kader/verein/4059/saison_id/2024,5750000
Prva Liga,NK Domzale,https://www.transfermarkt.com/nk-domzale/kader/verein/6248/saison_id/2024,5010000
Prva Liga,FC Koper,https://www.transfermarkt.com/fc-koper/kader/verein/433/saison_id/2024,4900000
Prva Liga,NK Bravo,https://www.transfermarkt.com/nk-bravo/kader/verein/26985/saison_id/2024,4600000
Prva Liga,ND Primorje,https://www.transfermarkt.com/nd-primorje/kader/verein/4507/saison_id/2024,3500000
Prva Liga,NK Radomlje,https://www.transfermarkt.com/nk-radomlje/kader/verein/21460/saison_id/2024,3300000
Prva Liga,NK Nafta 1903,https://www.transfermarkt.com/nk-nafta-1903/kader/verein/9233/saison_id/2024,2710000
Virsliga,FC RFS,https://www.transfermarkt.com/fc-rfs/kader/verein/33783/saison_id/2023,11480000
Virsliga,Riga FC,https://www.transfermarkt.com/riga-fc/kader/verein/48325/saison_id/2023,10880000
Virsliga,Valmiera FC,https://www.transfermarkt.com/valmiera-fc/kader/verein/5084/saison_id/2023,6150000
Virsliga,FK Auda,https://www.transfermarkt.com/fk-auda/kader/verein/8606/saison_id/2023,5900000
Virsliga,FK Liepaja,https://www.transfermarkt.com/fk-liepaja/kader/verein/43162/saison_id/2023,3800000
Virsliga,FK Metta,https://www.transfermarkt.com/fk-metta/kader/verein/28770/saison_id/2023,2540000
Virsliga,BFC Daugavpils,https://www.transfermarkt.com/bfc-daugavpils/kader/verein/28931/saison_id/2023,2360000
Virsliga,Grobinas SC/LFS,https://www.transfermarkt.com/grobinas-sc-lfs/kader/verein/40880/saison_id/2023,2150000
Virsliga,FK Tukums 2000,https://www.transfermarkt.com/fk-tukums-2000/kader/verein/28937/saison_id/2023,2130000
Virsliga,FS Jelgava,https://www.transfermarkt.com/fs-jelgava/kader/verein/27118/saison_id/2023,1980000
Premyer Liqa,Qarabağ FK,https://www.transfermarkt.com/qarabag-fk/kader/verein/10625/saison_id/2024,20230000
Premyer Liqa,Neftchi PFK,https://www.transfermarkt.com/neftchi-pfk/kader/verein/8031/saison_id/2024,12030000
Premyer Liqa,Sabah FK,https://www.transfermarkt.com/sabah-fk/kader/verein/63993/saison_id/2024,11750000
Premyer Liqa,Zira FC,https://www.transfermarkt.com/zira-fc/kader/verein/46710/saison_id/2024,11580000
Premyer Liqa,Sumgayit PFC,https://www.transfermarkt.com/sumgayit-pfc/kader/verein/36999/saison_id/2024,10680000
Premyer Liqa,Turan-Tovuz IK,https://www.transfermarkt.com/turan-tovuz-ik/kader/verein/9526/saison_id/2024,5600000
Premyer Liqa,Araz-Nakhchivan,https://www.transfermarkt.com/araz-nakhchivan/kader/verein/44360/saison_id/2024,5530000
Premyer Liqa,Kapaz PFK,https://www.transfermarkt.com/kapaz-pfk/kader/verein/7090/saison_id/2024,5480000
Premyer Liqa,FK Sabail,https://www.transfermarkt.com/fk-sabail/kader/verein/57890/saison_id/2024,4200000
Premyer Liqa,FC Shamakhi,https://www.transfermarkt.com/fc-shamakhi/kader/verein/8956/saison_id/2024,3030000
Premier League Opening Round,Floriana FC,https://www.transfermarkt.com/floriana-fc/kader/verein/10603/saison_id/2024,4420000
Premier League Opening Round,Hamrun Spartans,https://www.transfermarkt.com/hamrun-spartans/kader/verein/17149/saison_id/2024,4010000
Premier League Opening Round,Birkirkara FC,https://www.transfermarkt.com/birkirkara-fc/kader/verein/10262/saison_id/2024,4010000
Premier League Opening Round,Sliema Wanderers,https://www.transfermarkt.com/sliema-wanderers/kader/verein/329/saison_id/2024,3880000
Premier League Opening Round,Gzira United FC,https://www.transfermarkt.com/gzira-united-fc/kader/verein/32768/saison_id/2024,3750000
Premier League Opening Round,Marsaxlokk FC,https://www.transfermarkt.com/marsaxlokk-fc/kader/verein/10605/saison_id/2024,3490000
Premier League Opening Round,Hibernians FC,https://www.transfermarkt.com/hibernians-fc/kader/verein/10604/saison_id/2024,3250000
Premier League Opening Round,Balzan FC,https://www.transfermarkt.com/balzan-fc/kader/verein/32129/saison_id/2024,3010000
Premier League Opening Round,Mosta FC,https://www.transfermarkt.com/mosta-fc/kader/verein/32125/saison_id/2024,2780000
Premier League Opening Round,Melita FC,https://www.transfermarkt.com/melita-fc/kader/verein/36183/saison_id/2024,2770000
Premier League Opening Round,Naxxar Lions FC,https://www.transfermarkt.com/naxxar-lions-fc/kader/verein/32130/saison_id/2024,2580000
Premier League Opening Round,Zabbar St. Patrick FC,https://www.transfermarkt.com/zabbar-st-patrick-fc/kader/verein/34423/saison_id/2024,2250000
Kategoria Superiore,FK Partizani,https://www.transfermarkt.com/fk-partizani/kader/verein/4040/saison_id/2024,5750000
Kategoria Superiore,FC Dinamo City,https://www.transfermarkt.com/fc-dinamo-city/kader/verein/588/saison_id/2024,4750000
Kategoria Superiore,KF Vllaznia,https://www.transfermarkt.com/kf-vllaznia/kader/verein/8671/saison_id/2024,4630000
Kategoria Superiore,KF Tirana,https://www.transfermarkt.com/kf-tirana/kader/verein/2049/saison_id/2024,4450000
Kategoria Superiore,KF Egnatia,https://www.transfermarkt.com/kf-egnatia/kader/verein/27114/saison_id/2024,4350000
Kategoria Superiore,KF Skënderbeu,https://www.transfermarkt.com/kf-skenderbeu/kader/verein/12469/saison_id/2024,4300000
Kategoria Superiore,AF Elbasani,https://www.transfermarkt.com/af-elbasani/kader/verein/98106/saison_id/2024,3980000
Kategoria Superiore,KF Laçi,https://www.transfermarkt.com/kf-laci/kader/verein/22140/saison_id/2024,3880000
Kategoria Superiore,KF Teuta,https://www.transfermarkt.com/kf-teuta/kader/verein/3739/saison_id/2024,3550000
Kategoria Superiore,FK Bylis,https://www.transfermarkt.com/fk-bylis/kader/verein/21234/saison_id/2024,3530000
Erovnuli Liga,Torpedo Kutaisi,https://www.transfermarkt.com/torpedo-kutaisi/kader/verein/253/saison_id/2023,5300000
Erovnuli Liga,Dinamo Tbilisi,https://www.transfermarkt.com/dinamo-tbilisi/kader/verein/663/saison_id/2023,5150000
Erovnuli Liga,Iberia 1999 Tbilisi,https://www.transfermarkt.com/iberia-1999-tbilisi/kader/verein/41133/saison_id/2023,4830000
Erovnuli Liga,FC Dila Gori,https://www.transfermarkt.com/fc-dila-gori/kader/verein/32017/saison_id/2023,4610000
Erovnuli Liga,Dinamo Batumi,https://www.transfermarkt.com/dinamo-batumi/kader/verein/11344/saison_id/2023,3940000
Erovnuli Liga,FC Samgurali Tskaltubo,https://www.transfermarkt.com/fc-samgurali-tskaltubo/kader/verein/29675/saison_id/2023,3100000
Erovnuli Liga,FC Telavi,https://www.transfermarkt.com/fc-telavi/kader/verein/41310/saison_id/2023,3000000
Erovnuli Liga,FC Kolkheti-1913 Poti,https://www.transfermarkt.com/fc-kolkheti-1913-poti/kader/verein/28971/saison_id/2023,2980000
Erovnuli Liga,FC Gagra,https://www.transfermarkt.com/fc-gagra/kader/verein/22842/saison_id/2023,2450000
Erovnuli Liga,FC Samtredia,https://www.transfermarkt.com/fc-samtredia/kader/verein/2950/saison_id/2023,2040000
Superliga e Kosovës,FC Ballkani,https://www.transfermarkt.com/fc-ballkani/kader/verein/28082/saison_id/2024,6190000
Superliga e Kosovës,FC Drita,https://www.transfermarkt.com/fc-drita/kader/verein/33741/saison_id/2024,5140000
Superliga e Kosovës,FC Prishtina,https://www.transfermarkt.com/fc-prishtina/kader/verein/1918/saison_id/2024,4750000
Superliga e Kosovës,FC Malisheva,https://www.transfermarkt.com/fc-malisheva/kader/verein/80996/saison_id/2024,4310000
Superliga e Kosovës,KF Llapi,https://www.transfermarkt.com/kf-llapi/kader/verein/33206/saison_id/2024,4019999
Superliga e Kosovës,SC Gjilani,https://www.transfermarkt.com/sc-gjilani/kader/verein/29053/saison_id/2024,3790000
Superliga e Kosovës,FC Feronikeli 74,https://www.transfermarkt.com/fc-feronikeli-74/kader/verein/34429/saison_id/2024,2860000
Superliga e Kosovës,FC Suhareka,https://www.transfermarkt.com/fc-suhareka/kader/verein/110204/saison_id/2024,2180000
Superliga e Kosovës,KF Dukagjini,https://www.transfermarkt.com/kf-dukagjini/kader/verein/46887/saison_id/2024,1970000
Superliga e Kosovës,FC Ferizaj,https://www.transfermarkt.com/fc-ferizaj/kader/verein/29051/saison_id/2024,1150000
Primera Divisió,UE Santa Coloma,https://www.transfermarkt.com/ue-santa-coloma/kader/verein/28633/saison_id/2024,4810000
Primera Divisió,Inter Club d'Escaldes,https://www.transfermarkt.com/inter-club-descaldes/kader/verein/41916/saison_id/2024,4620000
Primera Divisió,FC Rànger's,https://www.transfermarkt.com/fc-rangers/kader/verein/10741/saison_id/2024,3660000
Primera Divisió,Atlètic Club d'Escaldes,https://www.transfermarkt.com/atletic-club-descaldes/kader/verein/64780/saison_id/2024,3300000
Primera Divisió,Penya Encarnada d'Andorra,https://www.transfermarkt.com/penya-encarnada-dandorra/kader/verein/62573/saison_id/2024,2660000
Primera Divisió,FC Pas de la Casa,https://www.transfermarkt.com/fc-pas-de-la-casa/kader/verein/84028/saison_id/2024,2540000
Primera Divisió,FC Santa Coloma,https://www.transfermarkt.com/fc-santa-coloma/kader/verein/10854/saison_id/2024,2480000
Primera Divisió,FC Ordino,https://www.transfermarkt.com/fc-ordino/kader/verein/40270/saison_id/2024,2350000
Primera Divisió,CF Esperança d'Andorra,https://www.transfermarkt.com/cf-esperanca-dandorra/kader/verein/100967/saison_id/2024,1820000
Primera Divisió,FS La Massana,https://www.transfermarkt.com/fs-la-massana/kader/verein/46725/saison_id/2024,1340000
Besta deild,Víkingur Reykjavík,https://www.transfermarkt.com/vikingur-reykjavik/kader/verein/5849/saison_id/2023,4110000
Besta deild,Breidablik Kópavogur,https://www.transfermarkt.com/breidablik-kopavogur/kader/verein/3737/saison_id/2023,3510000
Besta deild,Valur Reykjavík,https://www.transfermarkt.com/valur-reykjavik/kader/verein/1033/saison_id/2023,3370000
Besta deild,Stjarnan Gardabaer,https://www.transfermarkt.com/stjarnan-gardabaer/kader/verein/21875/saison_id/2023,2500000
Besta deild,ÍA Akranes,https://www.transfermarkt.com/ia-akranes/kader/verein/1231/saison_id/2023,2040000
Besta deild,KR Reykjavík,https://www.transfermarkt.com/kr-reykjavik/kader/verein/3237/saison_id/2023,2009999
Besta deild,FH Hafnarfjördur,https://www.transfermarkt.com/fh-hafnarfjordur/kader/verein/1185/saison_id/2023,1910000
Besta deild,Fram Reykjavík,https://www.transfermarkt.com/fram-reykjavik/kader/verein/3832/saison_id/2023,1720000
Besta deild,KA Akureyri,https://www.transfermarkt.com/ka-akureyri/kader/verein/1839/saison_id/2023,1710000
Besta deild,Vestri Ísafjördur,https://www.transfermarkt.com/vestri-isafjordur/kader/verein/29224/saison_id/2023,1660000
Besta deild,HK Kópavogs,https://www.transfermarkt.com/hk-kopavogs/kader/verein/11382/saison_id/2023,1110000
Besta deild,Fylkir Reykjavík,https://www.transfermarkt.com/fylkir-reykjavik/kader/verein/2576/saison_id/2023,840000
Premier Division,Shamrock Rovers,https://www.transfermarkt.com/shamrock-rovers/kader/verein/3258/saison_id/2023,4550000
Premier Division,St. Patrick's Athletic,https://www.transfermarkt.com/st-patricks-athletic/kader/verein/1189/saison_id/2023,4050000
Premier Division,Bohemian Football Club,https://www.transfermarkt.com/bohemian-football-club/kader/verein/9211/saison_id/2023,3630000
Premier Division,Derry City,https://www.transfermarkt.com/derry-city/kader/verein/920/saison_id/2023,3300000
Premier Division,Shelbourne FC,https://www.transfermarkt.com/shelbourne-fc/kader/verein/3909/saison_id/2023,2580000
Premier Division,Sligo Rovers,https://www.transfermarkt.com/sligo-rovers/kader/verein/8780/saison_id/2023,2000000
Premier Division,Galway United FC,https://www.transfermarkt.com/galway-united-fc/kader/verein/42394/saison_id/2023,1880000
Premier Division,Dundalk FC,https://www.transfermarkt.com/dundalk-fc/kader/verein/6066/saison_id/2023,1750000
Premier Division,Waterford FC,https://www.transfermarkt.com/waterford-fc/kader/verein/7609/saison_id/2023,1680000
Premier Division,Drogheda United FC,https://www.transfermarkt.com/drogheda-united-fc/kader/verein/4277/saison_id/2023,1630000
Super Liga,FC Sheriff Tiraspol,https://www.transfermarkt.com/fc-sheriff-tiraspol/kader/verein/2481/saison_id/2024,10080000
Super Liga,FC Petrocub Hincesti,https://www.transfermarkt.com/fc-petrocub-hincesti/kader/verein/46643/saison_id/2024,5150000
Super Liga,FC Zimbru Chisinau,https://www.transfermarkt.com/fc-zimbru-chisinau/kader/verein/2714/saison_id/2024,4010000
Super Liga,FC Milsami Orhei,https://www.transfermarkt.com/fc-milsami-orhei/kader/verein/30686/saison_id/2024,2950000
Super Liga,FC Balti,https://www.transfermarkt.com/fc-balti/kader/verein/83016/saison_id/2024,1330000
Super Liga,CSF Spartanii Sportul Selemet,https://www.transfermarkt.com/csf-spartanii-sportul-selemet/kader/verein/73711/saison_id/2024,1330000
Super Liga,FC Floresti,https://www.transfermarkt.com/fc-floresti/kader/verein/68502/saison_id/2024,810000
Super Liga,Dacia Buiucani,https://www.transfermarkt.com/dacia-buiucani/kader/verein/39003/saison_id/2024,785000
Prva liga,Struga Trim & Lum,https://www.transfermarkt.com/struga-trim-amp-lum/kader/verein/64534/saison_id/2024,5500000
Prva liga,Shkendija Tetovo,https://www.transfermarkt.com/shkendija-tetovo/kader/verein/1167/saison_id/2024,5240000
Prva liga,AP Brera Strumica,https://www.transfermarkt.com/ap-brera-strumica/kader/verein/45935/saison_id/2024,4650000
Prva liga,FC Shkupi,https://www.transfermarkt.com/fc-shkupi/kader/verein/4644/saison_id/2024,3900000
Prva liga,Rabotnicki Skopje,https://www.transfermarkt.com/rabotnicki-skopje/kader/verein/4641/saison_id/2024,3680000
Prva liga,Gostivar,https://www.transfermarkt.com/gostivar/kader/verein/36470/saison_id/2024,3450000
Prva liga,Sileks Kratovo,https://www.transfermarkt.com/sileks-kratovo/kader/verein/535/saison_id/2024,3260000
Prva liga,Tikves Kavadarci,https://www.transfermarkt.com/tikves-kavadarci/kader/verein/8969/saison_id/2024,3140000
Prva liga,Vardar Skopje,https://www.transfermarkt.com/vardar-skopje/kader/verein/77/saison_id/2024,2930000
Prva liga,Besa Dobri Dol,https://www.transfermarkt.com/besa-dobri-dol/kader/verein/95578/saison_id/2024,2590000
Prva liga,Pelister Bitola,https://www.transfermarkt.com/pelister-bitola/kader/verein/534/saison_id/2024,2270000
Prva liga,Voska Sport,https://www.transfermarkt.com/voska-sport/kader/verein/91395/saison_id/2024,2080000
Veikkausliiga,HJK Helsinki,https://www.transfermarkt.com/hjk-helsinki/kader/verein/1008/saison_id/2023,6850000
Veikkausliiga,Kuopion Palloseura,https://www.transfermarkt.com/kuopion-palloseura/kader/verein/6251/saison_id/2023,6130000
Veikkausliiga,Ilves Tampere,https://www.transfermarkt.com/ilves-tampere/kader/verein/3189/saison_id/2023,5280000
Veikkausliiga,SJK Seinäjoki,https://www.transfermarkt.com/sjk-seinajoki/kader/verein/23777/saison_id/2023,4400000
Veikkausliiga,AC Oulu,https://www.transfermarkt.com/ac-oulu/kader/verein/7008/saison_id/2023,4330000
Veikkausliiga,FC Inter Turku,https://www.transfermarkt.com/fc-inter-turku/kader/verein/8042/saison_id/2023,3930000
Veikkausliiga,FC Haka,https://www.transfermarkt.com/fc-haka/kader/verein/1225/saison_id/2023,3700000
Veikkausliiga,Vaasan Palloseura,https://www.transfermarkt.com/vaasan-palloseura/kader/verein/1102/saison_id/2023,3650000
Veikkausliiga,FC Lahti,https://www.transfermarkt.com/fc-lahti/kader/verein/2925/saison_id/2023,3050000
Veikkausliiga,IFK Mariehamn,https://www.transfermarkt.com/ifk-mariehamn/kader/verein/6017/saison_id/2023,2930000
Veikkausliiga,IF Gnistan,https://www.transfermarkt.com/if-gnistan/kader/verein/23564/saison_id/2023,2780000
Veikkausliiga,Ekenäs IF,https://www.transfermarkt.com/ekenas-if/kader/verein/22890/saison_id/2023,2300000
Bardzraguyn khumb,FC Noah Yerevan,https://www.transfermarkt.com/fc-noah-yerevan/kader/verein/60368/saison_id/2024,7760000
Bardzraguyn khumb,FC Pyunik Yerevan,https://www.transfermarkt.com/fc-pyunik-yerevan/kader/verein/10301/saison_id/2024,6100000
Bardzraguyn khumb,FC Ararat-Armenia,https://www.transfermarkt.com/fc-ararat-armenia/kader/verein/53453/saison_id/2024,5830000
Bardzraguyn khumb,FC Urartu Yerevan,https://www.transfermarkt.com/fc-urartu-yerevan/kader/verein/11411/saison_id/2024,5230000
Bardzraguyn khumb,FC Ararat Yerevan,https://www.transfermarkt.com/fc-ararat-yerevan/kader/verein/11912/saison_id/2024,3340000
Bardzraguyn khumb,Alashkert Yerevan FC,https://www.transfermarkt.com/alashkert-yerevan-fc/kader/verein/37914/saison_id/2024,3290000
Bardzraguyn khumb,FC Van,https://www.transfermarkt.com/fc-van/kader/verein/74661/saison_id/2024,3150000
Bardzraguyn khumb,FC Shirak Gyumri,https://www.transfermarkt.com/fc-shirak-gyumri/kader/verein/4807/saison_id/2024,2700000
Bardzraguyn khumb,BKMA Yerevan,https://www.transfermarkt.com/bkma-yerevan/kader/verein/46507/saison_id/2024,2360000
Bardzraguyn khumb,FC West Armenia,https://www.transfermarkt.com/fc-west-armenia/kader/verein/74960/saison_id/2024,2200000
Bardzraguyn khumb,Gandzasar Kapan,https://www.transfermarkt.com/gandzasar-kapan/kader/verein/23911/saison_id/2024,1560000
Premier League,Manchester City,https://www.transfermarkt.com/manchester-city/kader/verein/281/saison_id/2024,1260000000
Premier League,Arsenal FC,https://www.transfermarkt.com/arsenal-fc/kader/verein/11/saison_id/2024,1170000000
Premier League,Chelsea FC,https://www.transfermarkt.com/chelsea-fc/kader/verein/631/saison_id/2024,963200000
Premier League,Liverpool FC,https://www.transfermarkt.com/liverpool-fc/kader/verein/31/saison_id/2024,931000000
Premier League,Manchester United,https://www.transfermarkt.com/manchester-united/kader/verein/985/saison_id/2024,854150000
Premier League,Tottenham Hotspur,https://www.transfermarkt.com/tottenham-hotspur/kader/verein/148/saison_id/2024,788300000
Premier League,Newcastle United,https://www.transfermarkt.com/newcastle-united/kader/verein/762/saison_id/2024,657650000
Premier League,Aston Villa,https://www.transfermarkt.com/aston-villa/kader/verein/405/saison_id/2024,615450000
Premier League,Brighton & Hove Albion,https://www.transfermarkt.com/brighton-amp-hove-albion/kader/verein/1237/saison_id/2024,574600000
Premier League,West Ham United,https://www.transfermarkt.com/west-ham-united/kader/verein/379/saison_id/2024,481500000
Premier League,Crystal Palace,https://www.transfermarkt.com/crystal-palace/kader/verein/873/saison_id/2024,438000000
Premier League,Nottingham Forest,https://www.transfermarkt.com/nottingham-forest/kader/verein/703/saison_id/2024,427700000
Premier League,Brentford FC,https://www.transfermarkt.com/brentford-fc/kader/verein/1148/saison_id/2024,403030000
Premier League,Wolverhampton Wanderers,https://www.transfermarkt.com/wolverhampton-wanderers/kader/verein/543/saison_id/2024,379700000
Premier League,AFC Bournemouth,https://www.transfermarkt.com/afc-bournemouth/kader/verein/989/saison_id/2024,354850000
Premier League,Everton FC,https://www.transfermarkt.com/everton-fc/kader/verein/29/saison_id/2024,353100000
Premier League,Fulham FC,https://www.transfermarkt.com/fulham-fc/kader/verein/931/saison_id/2024,346000000
Premier League,Southampton FC,https://www.transfermarkt.com/southampton-fc/kader/verein/180/saison_id/2024,283200000
Premier League,Leicester City,https://www.transfermarkt.com/leicester-city/kader/verein/1003/saison_id/2024,275600000
Premier League,Ipswich Town,https://www.transfermarkt.com/ipswich-town/kader/verein/677/saison_id/2024,195400000
LaLiga,Real Madrid,https://www.transfermarkt.com/real-madrid/kader/verein/418/saison_id/2024,1360000000
LaLiga,FC Barcelona,https://www.transfermarkt.com/fc-barcelona/kader/verein/131/saison_id/2024,946000000
LaLiga,Atlético de Madrid,https://www.transfermarkt.com/atletico-de-madrid/kader/verein/13/saison_id/2024,511000000
LaLiga,Real Sociedad,https://www.transfermarkt.com/real-sociedad/kader/verein/681/saison_id/2024,443700000
LaLiga,Athletic Bilbao,https://www.transfermarkt.com/athletic-bilbao/kader/verein/621/saison_id/2024,338700000
LaLiga,Valencia CF,https://www.transfermarkt.com/valencia-cf/kader/verein/1049/saison_id/2024,253000000
LaLiga,Villarreal CF,https://www.transfermarkt.com/villarreal-cf/kader/verein/1050/saison_id/2024,230700000
LaLiga,Girona FC,https://www.transfermarkt.com/girona-fc/kader/verein/12321/saison_id/2024,216500000
LaLiga,Real Betis Balompié,https://www.transfermarkt.com/real-betis-balompie/kader/verein/150/saison_id/2024,192400000
LaLiga,Sevilla FC,https://www.transfermarkt.com/sevilla-fc/kader/verein/368/saison_id/2024,174100000
LaLiga,UD Las Palmas,https://www.transfermarkt.com/ud-las-palmas/kader/verein/472/saison_id/2024,112600000
LaLiga,CA Osasuna,https://www.transfermarkt.com/ca-osasuna/kader/verein/331/saison_id/2024,112400000
LaLiga,RCD Mallorca,https://www.transfermarkt.com/rcd-mallorca/kader/verein/237/saison_id/2024,89700000
LaLiga,Deportivo Alavés,https://www.transfermarkt.com/deportivo-alaves/kader/verein/1108/saison_id/2024,87700000
LaLiga,Celta de Vigo,https://www.transfermarkt.com/celta-de-vigo/kader/verein/940/saison_id/2024,86600000
LaLiga,RCD Espanyol Barcelona,https://www.transfermarkt.com/rcd-espanyol-barcelona/kader/verein/714/saison_id/2024,79300000
LaLiga,Getafe CF,https://www.transfermarkt.com/getafe-cf/kader/verein/3709/saison_id/2024,74000000
LaLiga,Rayo Vallecano,https://www.transfermarkt.com/rayo-vallecano/kader/verein/367/saison_id/2024,71300000
LaLiga,CD Leganés,https://www.transfermarkt.com/cd-leganes/kader/verein/1244/saison_id/2024,56330000
LaLiga,Real Valladolid CF,https://www.transfermarkt.com/real-valladolid-cf/kader/verein/366/saison_id/2024,44200000
Serie A,Inter Milan,https://www.transfermarkt.com/inter-milan/kader/verein/46/saison_id/2024,677300000
Serie A,Juventus FC,https://www.transfermarkt.com/juventus-fc/kader/verein/506/saison_id/2024,594200000
Serie A,AC Milan,https://www.transfermarkt.com/ac-milan/kader/verein/5/saison_id/2024,562000000
Serie A,Atalanta BC,https://www.transfermarkt.com/atalanta-bc/kader/verein/800/saison_id/2024,447600000
Serie A,SSC Napoli,https://www.transfermarkt.com/ssc-napoli/kader/verein/6195/saison_id/2024,429030000
Serie A,AS Roma,https://www.transfermarkt.com/as-roma/kader/verein/12/saison_id/2024,332500000
Serie A,Bologna FC 1909,https://www.transfermarkt.com/bologna-fc-1909/kader/verein/1025/saison_id/2024,276800000
Serie A,ACF Fiorentina,https://www.transfermarkt.com/acf-fiorentina/kader/verein/430/saison_id/2024,258300000
Serie A,SS Lazio,https://www.transfermarkt.com/ss-lazio/kader/verein/398/saison_id/2024,236350000
Serie A,Torino FC,https://www.transfermarkt.com/torino-fc/kader/verein/416/saison_id/2024,172030000
Serie A,Genoa CFC,https://www.transfermarkt.com/genoa-cfc/kader/verein/252/saison_id/2024,144400000
Serie A,Udinese Calcio,https://www.transfermarkt.com/udinese-calcio/kader/verein/410/saison_id/2024,128180000
Serie A,Parma Calcio 1913,https://www.transfermarkt.com/parma-calcio-1913/kader/verein/130/saison_id/2024,125100000
Serie A,Como 1907,https://www.transfermarkt.com/como-1907/kader/verein/1047/saison_id/2024,100550000
Serie A,AC Monza,https://www.transfermarkt.com/ac-monza/kader/verein/2919/saison_id/2024,92680000
Serie A,US Lecce,https://www.transfermarkt.com/us-lecce/kader/verein/1005/saison_id/2024,92200000
Serie A,Hellas Verona,https://www.transfermarkt.com/hellas-verona/kader/verein/276/saison_id/2024,88430000
Serie A,Cagliari Calcio,https://www.transfermarkt.com/cagliari-calcio/kader/verein/1390/saison_id/2024,70350000
Serie A,FC Empoli,https://www.transfermarkt.com/fc-empoli/kader/verein/749/saison_id/2024,68830000
Serie A,Venezia FC,https://www.transfermarkt.com/venezia-fc/kader/verein/607/saison_id/2024,57780000
A Lyga,FK Zalgiris Vilnius,https://www.transfermarkt.com/fk-zalgiris-vilnius/kader/verein/602/saison_id/2023,7280000
A Lyga,FK Kauno Zalgiris,https://www.transfermarkt.com/fk-kauno-zalgiris/kader/verein/40090/saison_id/2023,6760000
A Lyga,FA Siauliai,https://www.transfermarkt.com/fa-siauliai/kader/verein/42310/saison_id/2023,6180000
A Lyga,FC Hegelmann,https://www.transfermarkt.com/fc-hegelmann/kader/verein/69752/saison_id/2023,5960000
A Lyga,FK Banga Gargzdai,https://www.transfermarkt.com/fk-banga-gargzdai/kader/verein/23559/saison_id/2023,5130000
A Lyga,FK Suduva Marijampole,https://www.transfermarkt.com/fk-suduva-marijampole/kader/verein/8047/saison_id/2023,4700000
A Lyga,FK Panevezys,https://www.transfermarkt.com/fk-panevezys/kader/verein/49149/saison_id/2023,4530000
A Lyga,DFK Dainava Alytus,https://www.transfermarkt.com/dfk-dainava-alytus/kader/verein/30739/saison_id/2023,4500000
A Lyga,FK TransINVEST,https://www.transfermarkt.com/fk-transinvest/kader/verein/98841/saison_id/2023,4150000
A Lyga,FC Dziugas Telsiai,https://www.transfermarkt.com/fc-dziugas-telsiai/kader/verein/28740/saison_id/2023,3930000
Premiership,Larne FC,https://www.transfermarkt.com/larne-fc/kader/verein/3461/saison_id/2024,3850000
Premiership,Linfield FC,https://www.transfermarkt.com/linfield-fc/kader/verein/3471/saison_id/2024,2890000
Premiership,Cliftonville FC,https://www.transfermarkt.com/cliftonville-fc/kader/verein/1251/saison_id/2024,2320000
Premiership,Glentoran FC,https://www.transfermarkt.com/glentoran-fc/kader/verein/9026/saison_id/2024,2140000
Premiership,Loughgall FC,https://www.transfermarkt.com/loughgall-fc/kader/verein/21825/saison_id/2024,2089999
Premiership,Carrick Rangers FC,https://www.transfermarkt.com/carrick-rangers-fc/kader/verein/8714/saison_id/2024,1960000
Premiership,Crusaders FC,https://www.transfermarkt.com/crusaders-fc/kader/verein/21532/saison_id/2024,1910000
Premiership,Dungannon Swifts FC,https://www.transfermarkt.com/dungannon-swifts-fc/kader/verein/21515/saison_id/2024,1750000
Premiership,Ballymena United FC,https://www.transfermarkt.com/ballymena-united-fc/kader/verein/15244/saison_id/2024,1630000
Premiership,Glenavon FC,https://www.transfermarkt.com/glenavon-fc/kader/verein/3463/saison_id/2024,1440000
Premiership,Coleraine FC,https://www.transfermarkt.com/coleraine-fc/kader/verein/3831/saison_id/2024,1410000
Premiership,Portadown FC,https://www.transfermarkt.com/portadown-fc/kader/verein/5594/saison_id/2024,745000
Vysheyshaya Liga,Dinamo Minsk,https://www.transfermarkt.com/dinamo-minsk/kader/verein/1180/saison_id/2023,7180000
Vysheyshaya Liga,Torpedo-BelAZ Zhodino,https://www.transfermarkt.com/torpedo-belaz-zhodino/kader/verein/7964/saison_id/2023,5950000
Vysheyshaya Liga,Neman Grodno,https://www.transfermarkt.com/neman-grodno/kader/verein/14178/saison_id/2023,5180000
Vysheyshaya Liga,Dynamo Brest,https://www.transfermarkt.com/dynamo-brest/kader/verein/6131/saison_id/2023,4480000
Vysheyshaya Liga,BATE Borisov,https://www.transfermarkt.com/bate-borisov/kader/verein/713/saison_id/2023,3850000
Vysheyshaya Liga,Isloch Minsk Region,https://www.transfermarkt.com/isloch-minsk-region/kader/verein/36755/saison_id/2023,3630000
Vysheyshaya Liga,FC Gomel,https://www.transfermarkt.com/fc-gomel/kader/verein/10694/saison_id/2023,3500000
Vysheyshaya Liga,Slavia Mozyr,https://www.transfermarkt.com/slavia-mozyr/kader/verein/6423/saison_id/2023,3400000
Vysheyshaya Liga,FC Vitebsk,https://www.transfermarkt.com/fc-vitebsk/kader/verein/17959/saison_id/2023,3330000
Vysheyshaya Liga,Shakhter Soligorsk,https://www.transfermarkt.com/shakhter-soligorsk/kader/verein/10695/saison_id/2023,2800000
Vysheyshaya Liga,Arsenal Dzerzhinsk,https://www.transfermarkt.com/arsenal-dzerzhinsk/kader/verein/72822/saison_id/2023,2630000
Vysheyshaya Liga,Naftan Novopolotsk,https://www.transfermarkt.com/naftan-novopolotsk/kader/verein/8563/saison_id/2023,2580000
Vysheyshaya Liga,FC Minsk,https://www.transfermarkt.com/fc-minsk/kader/verein/23664/saison_id/2023,2480000
Vysheyshaya Liga,FC Smorgon,https://www.transfermarkt.com/fc-smorgon/kader/verein/17224/saison_id/2023,2380000
Vysheyshaya Liga,FC Slutsk,https://www.transfermarkt.com/fc-slutsk/kader/verein/27238/saison_id/2023,2280000
Vysheyshaya Liga,Dnepr Mogilev,https://www.transfermarkt.com/dnepr-mogilev/kader/verein/4394/saison_id/2023,2250000
Liga Portugal,Sporting CP,https://www.transfermarkt.com/sporting-cp/kader/verein/336/saison_id/2024,443500000
Liga Portugal,FC Porto,https://www.transfermarkt.com/fc-porto/kader/verein/720/saison_id/2024,351750000
Liga Portugal,SL Benfica,https://www.transfermarkt.com/sl-benfica/kader/verein/294/saison_id/2024,335500000
Liga Portugal,SC Braga,https://www.transfermarkt.com/sc-braga/kader/verein/1075/saison_id/2024,127450000
Liga Portugal,FC Famalicão,https://www.transfermarkt.com/fc-famalicao/kader/verein/3329/saison_id/2024,50400000
Liga Portugal,Vitória Guimarães SC,https://www.transfermarkt.com/vitoria-guimaraes-sc/kader/verein/2420/saison_id/2024,47780000
Liga Portugal,FC Arouca,https://www.transfermarkt.com/fc-arouca/kader/verein/8024/saison_id/2024,35400000
Liga Portugal,Rio Ave FC,https://www.transfermarkt.com/rio-ave-fc/kader/verein/2425/saison_id/2024,31700000
Liga Portugal,Moreirense FC,https://www.transfermarkt.com/moreirense-fc/kader/verein/979/saison_id/2024,25950000
Liga Portugal,Gil Vicente FC,https://www.transfermarkt.com/gil-vicente-fc/kader/verein/2424/saison_id/2024,23230000
Liga Portugal,Estoril Praia,https://www.transfermarkt.com/estoril-praia/kader/verein/1465/saison_id/2024,23050000
Liga Portugal,Casa Pia AC,https://www.transfermarkt.com/casa-pia-ac/kader/verein/3268/saison_id/2024,20230000
Liga Portugal,SC Farense,https://www.transfermarkt.com/sc-farense/kader/verein/4294/saison_id/2024,18980000
Liga Portugal,Avs Futebol,https://www.transfermarkt.com/avs-futebol/kader/verein/110302/saison_id/2024,18400000
Liga Portugal,CF Estrela Amadora,https://www.transfermarkt.com/cf-estrela-amadora/kader/verein/2431/saison_id/2024,16000000
Liga Portugal,CD Nacional,https://www.transfermarkt.com/cd-nacional/kader/verein/982/saison_id/2024,15680000
Liga Portugal,Boavista FC,https://www.transfermarkt.com/boavista-fc/kader/verein/2503/saison_id/2024,15600000
Liga Portugal,CD Santa Clara,https://www.transfermarkt.com/cd-santa-clara/kader/verein/2423/saison_id/2024,15350000
Süper Lig,Galatasaray,https://www.transfermarkt.com/galatasaray/kader/verein/141/saison_id/2024,262050000
Süper Lig,Fenerbahce,https://www.transfermarkt.com/fenerbahce/kader/verein/36/saison_id/2024,226130000
Süper Lig,Besiktas JK,https://www.transfermarkt.com/besiktas-jk/kader/verein/114/saison_id/2024,139480000
Süper Lig,Trabzonspor,https://www.transfermarkt.com/trabzonspor/kader/verein/449/saison_id/2024,105150000
Süper Lig,Basaksehir FK,https://www.transfermarkt.com/basaksehir-fk/kader/verein/6890/saison_id/2024,48430000
Süper Lig,Caykur Rizespor,https://www.transfermarkt.com/caykur-rizespor/kader/verein/126/saison_id/2024,36450000
Süper Lig,Göztepe,https://www.transfermarkt.com/goztepe/kader/verein/1467/saison_id/2024,36050000
Süper Lig,Eyüpspor,https://www.transfermarkt.com/eyupspor/kader/verein/7160/saison_id/2024,29650000
Süper Lig,Kasimpasa,https://www.transfermarkt.com/kasimpasa/kader/verein/10484/saison_id/2024,29300000
Süper Lig,Samsunspor,https://www.transfermarkt.com/samsunspor/kader/verein/152/saison_id/2024,29280000
Süper Lig,Antalyaspor,https://www.transfermarkt.com/antalyaspor/kader/verein/589/saison_id/2024,27480000
Süper Lig,Alanyaspor,https://www.transfermarkt.com/alanyaspor/kader/verein/11282/saison_id/2024,24130000
Süper Lig,Konyaspor,https://www.transfermarkt.com/konyaspor/kader/verein/2293/saison_id/2024,23750000
Süper Lig,Sivasspor,https://www.transfermarkt.com/sivasspor/kader/verein/2381/saison_id/2024,23630000
Süper Lig,Kayserispor,https://www.transfermarkt.com/kayserispor/kader/verein/3205/saison_id/2024,23280000
Süper Lig,Hatayspor,https://www.transfermarkt.com/hatayspor/kader/verein/7775/saison_id/2024,22130000
Süper Lig,Gaziantep FK,https://www.transfermarkt.com/gaziantep-fk/kader/verein/2832/saison_id/2024,21780000
Süper Lig,Bodrum FK,https://www.transfermarkt.com/bodrum-fk/kader/verein/44006/saison_id/2024,20900000
Süper Lig,Adana Demirspor,https://www.transfermarkt.com/adana-demirspor/kader/verein/3840/saison_id/2024,18130000
Jupiler Pro League,Club Brugge KV,https://www.transfermarkt.com/club-brugge-kv/kader/verein/2282/saison_id/2024,149600000
Jupiler Pro League,RSC Anderlecht,https://www.transfermarkt.com/rsc-anderlecht/kader/verein/58/saison_id/2024,110400000
Jupiler Pro League,KRC Genk,https://www.transfermarkt.com/krc-genk/kader/verein/1184/saison_id/2024,95300000
Jupiler Pro League,Union Saint-Gilloise,https://www.transfermarkt.com/union-saint-gilloise/kader/verein/3948/saison_id/2024,82000000
Jupiler Pro League,KAA Gent,https://www.transfermarkt.com/kaa-gent/kader/verein/157/saison_id/2024,68050000
Jupiler Pro League,Royal Antwerp FC,https://www.transfermarkt.com/royal-antwerp-fc/kader/verein/1096/saison_id/2024,65000000
Jupiler Pro League,Standard Liège,https://www.transfermarkt.com/standard-liege/kader/verein/3057/saison_id/2024,57350000
Jupiler Pro League,Cercle Brugge,https://www.transfermarkt.com/cercle-brugge/kader/verein/520/saison_id/2024,56750000
Jupiler Pro League,KVC Westerlo,https://www.transfermarkt.com/kvc-westerlo/kader/verein/968/saison_id/2024,47650000
Jupiler Pro League,Oud-Heverlee Leuven,https://www.transfermarkt.com/oud-heverlee-leuven/kader/verein/2727/saison_id/2024,35100000
Jupiler Pro League,R Charleroi SC,https://www.transfermarkt.com/r-charleroi-sc/kader/verein/172/saison_id/2024,34980000
Jupiler Pro League,KV Mechelen,https://www.transfermarkt.com/kv-mechelen/kader/verein/354/saison_id/2024,29300000
Jupiler Pro League,KV Kortrijk,https://www.transfermarkt.com/kv-kortrijk/kader/verein/601/saison_id/2024,28800000
Jupiler Pro League,Sint-Truidense VV,https://www.transfermarkt.com/sint-truidense-vv/kader/verein/475/saison_id/2024,25600000
Jupiler Pro League,Beerschot VA,https://www.transfermarkt.com/beerschot-va/kader/verein/41274/saison_id/2024,19330000
Jupiler Pro League,FCV Dender EH,https://www.transfermarkt.com/fcv-dender-eh/kader/verein/9010/saison_id/2024,16430000
Eredivisie,PSV Eindhoven,https://www.transfermarkt.com/psv-eindhoven/kader/verein/383/saison_id/2024,338350000
Eredivisie,Feyenoord Rotterdam,https://www.transfermarkt.com/feyenoord-rotterdam/kader/verein/234/saison_id/2024,295350000
Eredivisie,Ajax Amsterdam,https://www.transfermarkt.com/ajax-amsterdam/kader/verein/610/saison_id/2024,222050000
Eredivisie,Twente Enschede FC,https://www.transfermarkt.com/twente-enschede-fc/kader/verein/317/saison_id/2024,76830000
Eredivisie,AZ Alkmaar,https://www.transfermarkt.com/az-alkmaar/kader/verein/1090/saison_id/2024,73550000
Eredivisie,FC Utrecht,https://www.transfermarkt.com/fc-utrecht/kader/verein/200/saison_id/2024,45250000
Eredivisie,Sparta Rotterdam,https://www.transfermarkt.com/sparta-rotterdam/kader/verein/468/saison_id/2024,41330000
Eredivisie,NEC Nijmegen,https://www.transfermarkt.com/nec-nijmegen/kader/verein/467/saison_id/2024,38280000
Eredivisie,SC Heerenveen,https://www.transfermarkt.com/sc-heerenveen/kader/verein/306/saison_id/2024,33430000
Eredivisie,PEC Zwolle,https://www.transfermarkt.com/pec-zwolle/kader/verein/1269/saison_id/2024,23280000
Eredivisie,Fortuna Sittard,https://www.transfermarkt.com/fortuna-sittard/kader/verein/385/saison_id/2024,22650000
Eredivisie,Go Ahead Eagles,https://www.transfermarkt.com/go-ahead-eagles/kader/verein/1435/saison_id/2024,21180000
Eredivisie,NAC Breda,https://www.transfermarkt.com/nac-breda/kader/verein/132/saison_id/2024,18280000
Eredivisie,Heracles Almelo,https://www.transfermarkt.com/heracles-almelo/kader/verein/1304/saison_id/2024,17950000
Eredivisie,FC Groningen,https://www.transfermarkt.com/fc-groningen/kader/verein/202/saison_id/2024,15750000
Eredivisie,Almere City FC,https://www.transfermarkt.com/almere-city-fc/kader/verein/723/saison_id/2024,15480000
Eredivisie,Willem II Tilburg,https://www.transfermarkt.com/willem-ii-tilburg/kader/verein/403/saison_id/2024,14300000
Eredivisie,RKC Waalwijk,https://www.transfermarkt.com/rkc-waalwijk/kader/verein/235/saison_id/2024,10680000
Super League 1,Panathinaikos FC,https://www.transfermarkt.com/panathinaikos-fc/kader/verein/265/saison_id/2024,107680000
Super League 1,Olympiacos Piraeus,https://www.transfermarkt.com/olympiacos-piraeus/kader/verein/683/saison_id/2024,105650000
Super League 1,PAOK Thessaloniki,https://www.transfermarkt.com/paok-thessaloniki/kader/verein/1091/saison_id/2024,94900000
Super League 1,AEK Athens,https://www.transfermarkt.com/aek-athens/kader/verein/2441/saison_id/2024,83380000
Super League 1,Aris Thessaloniki,https://www.transfermarkt.com/aris-thessaloniki/kader/verein/605/saison_id/2024,34750000
Super League 1,OFI Crete FC,https://www.transfermarkt.com/ofi-crete-fc/kader/verein/653/saison_id/2024,14050000
Super League 1,Panserraikos,https://www.transfermarkt.com/panserraikos/kader/verein/3385/saison_id/2024,12400000
Super League 1,Panetolikos GFS,https://www.transfermarkt.com/panetolikos-gfs/kader/verein/6418/saison_id/2024,10930000
Super League 1,Asteras Aktor,https://www.transfermarkt.com/asteras-aktor/kader/verein/6676/saison_id/2024,10230000
Super League 1,Atromitos Athens,https://www.transfermarkt.com/atromitos-athens/kader/verein/3060/saison_id/2024,9680000
Super League 1,Volos NPS,https://www.transfermarkt.com/volos-nps/kader/verein/60949/saison_id/2024,9300000
Super League 1,Athens Kallithea,https://www.transfermarkt.com/athens-kallithea/kader/verein/3062/saison_id/2024,7900000
Super League 1,PAS Lamia 1964,https://www.transfermarkt.com/pas-lamia-1964/kader/verein/3999/saison_id/2024,7600000
Super League 1,APO Levadiakos,https://www.transfermarkt.com/apo-levadiakos/kader/verein/2672/saison_id/2024,7400000
Ligue 1,Paris Saint-Germain,https://www.transfermarkt.com/paris-saint-germain/kader/verein/583/saison_id/2024,892500000
Ligue 1,AS Monaco,https://www.transfermarkt.com/as-monaco/kader/verein/162/saison_id/2024,358200000
Ligue 1,Olympique Marseille,https://www.transfermarkt.com/olympique-marseille/kader/verein/244/saison_id/2024,305300000
Ligue 1,LOSC Lille,https://www.transfermarkt.com/losc-lille/kader/verein/1082/saison_id/2024,263750000
Ligue 1,Olympique Lyon,https://www.transfermarkt.com/olympique-lyon/kader/verein/1041/saison_id/2024,239950000
Ligue 1,OGC Nice,https://www.transfermarkt.com/ogc-nice/kader/verein/417/saison_id/2024,214500000
Ligue 1,Stade Rennais FC,https://www.transfermarkt.com/stade-rennais-fc/kader/verein/273/saison_id/2024,203250000
Ligue 1,RC Strasbourg Alsace,https://www.transfermarkt.com/rc-strasbourg-alsace/kader/verein/667/saison_id/2024,182300000
Ligue 1,RC Lens,https://www.transfermarkt.com/rc-lens/kader/verein/826/saison_id/2024,177600000
Ligue 1,Stade Reims,https://www.transfermarkt.com/stade-reims/kader/verein/1421/saison_id/2024,127700000
Ligue 1,Stade Brestois 29,https://www.transfermarkt.com/stade-brestois-29/kader/verein/3911/saison_id/2024,120900000
Ligue 1,FC Nantes,https://www.transfermarkt.com/fc-nantes/kader/verein/995/saison_id/2024,99900000
Ligue 1,Montpellier HSC,https://www.transfermarkt.com/montpellier-hsc/kader/verein/969/saison_id/2024,92750000
Ligue 1,FC Toulouse,https://www.transfermarkt.com/fc-toulouse/kader/verein/415/saison_id/2024,82150000
Ligue 1,Le Havre AC,https://www.transfermarkt.com/le-havre-ac/kader/verein/738/saison_id/2024,70450000
Ligue 1,AJ Auxerre,https://www.transfermarkt.com/aj-auxerre/kader/verein/290/saison_id/2024,56250000
Ligue 1,AS Saint-Étienne,https://www.transfermarkt.com/as-saint-etienne/kader/verein/618/saison_id/2024,55750000
Ligue 1,Angers SCO,https://www.transfermarkt.com/angers-sco/kader/verein/1420/saison_id/2024,34700000
BGL Ligue,Swift Hesperange,https://www.transfermarkt.com/swift-hesperange/kader/verein/9284/saison_id/2024,3190000
BGL Ligue,FC Progrès Niederkorn,https://www.transfermarkt.com/fc-progres-niederkorn/kader/verein/12346/saison_id/2024,2690000
BGL Ligue,FC Differdange 03,https://www.transfermarkt.com/fc-differdange-03/kader/verein/11914/saison_id/2024,2570000
BGL Ligue,US Mondorf-Les-Bains,https://www.transfermarkt.com/us-mondorf-les-bains/kader/verein/21274/saison_id/2024,2280000
BGL Ligue,FC UNA Strassen,https://www.transfermarkt.com/fc-una-strassen/kader/verein/21835/saison_id/2024,2110000
BGL Ligue,F91 Dudelange,https://www.transfermarkt.com/f91-dudelange/kader/verein/853/saison_id/2024,2089999
BGL Ligue,FC Wiltz 71,https://www.transfermarkt.com/fc-wiltz-71/kader/verein/3905/saison_id/2024,1680000
BGL Ligue,Union Titus Petange,https://www.transfermarkt.com/union-titus-petange/kader/verein/48712/saison_id/2024,1510000
BGL Ligue,FC Victoria Rosport,https://www.transfermarkt.com/fc-victoria-rosport/kader/verein/2660/saison_id/2024,1430000
BGL Ligue,Racing FC Union Luxembourg,https://www.transfermarkt.com/racing-fc-union-luxembourg/kader/verein/13467/saison_id/2024,1380000
BGL Ligue,Jeunesse Esch,https://www.transfermarkt.com/jeunesse-esch/kader/verein/1257/saison_id/2024,1300000
BGL Ligue,FC Mondercange,https://www.transfermarkt.com/fc-mondercange/kader/verein/21438/saison_id/2024,1050000
BGL Ligue,US Hostert,https://www.transfermarkt.com/us-hostert/kader/verein/21645/saison_id/2024,770000
BGL Ligue,FC Rodange 91,https://www.transfermarkt.com/fc-rodange-91/kader/verein/21803/saison_id/2024,470000
BGL Ligue,SC Bettembourg,https://www.transfermarkt.com/sc-bettembourg/kader/verein/29561/saison_id/2024,405000
BGL Ligue,CS Fola Esch,https://www.transfermarkt.com/cs-fola-esch/kader/verein/11976/saison_id/2024,380000
Super League,BSC Young Boys,https://www.transfermarkt.com/bsc-young-boys/kader/verein/452/saison_id/2024,65500000
Super League,FC Basel 1893,https://www.transfermarkt.com/fc-basel-1893/kader/verein/26/saison_id/2024,47100000
Super League,FC Lugano,https://www.transfermarkt.com/fc-lugano/kader/verein/2790/saison_id/2024,38800000
Super League,FC Lausanne-Sport,https://www.transfermarkt.com/fc-lausanne-sport/kader/verein/527/saison_id/2024,36300000
Super League,FC Luzern,https://www.transfermarkt.com/fc-luzern/kader/verein/434/saison_id/2024,29300000
Super League,FC St. Gallen 1879,https://www.transfermarkt.com/fc-st-gallen-1879/kader/verein/257/saison_id/2024,26850000
Super League,Servette FC,https://www.transfermarkt.com/servette-fc/kader/verein/61/saison_id/2024,26500000
Super League,FC Zürich,https://www.transfermarkt.com/fc-zurich/kader/verein/260/saison_id/2024,26000000
Super League,Yverdon Sport FC,https://www.transfermarkt.com/yverdon-sport-fc/kader/verein/322/saison_id/2024,25200000
Super League,Grasshopper Club Zurich,https://www.transfermarkt.com/grasshopper-club-zurich/kader/verein/504/saison_id/2024,24180000
Super League,FC Sion,https://www.transfermarkt.com/fc-sion/kader/verein/321/saison_id/2024,18050000
Super League,FC Winterthur,https://www.transfermarkt.com/fc-winterthur/kader/verein/242/saison_id/2024,14800000
Chance Liga,SK Slavia Prague,https://www.transfermarkt.com/sk-slavia-prague/kader/verein/62/saison_id/2024,100150000
Chance Liga,AC Sparta Prague,https://www.transfermarkt.com/ac-sparta-prague/kader/verein/197/saison_id/2024,84950000
Chance Liga,FC Viktoria Plzen,https://www.transfermarkt.com/fc-viktoria-plzen/kader/verein/941/saison_id/2024,41200000
Chance Liga,FC Banik Ostrava,https://www.transfermarkt.com/fc-banik-ostrava/kader/verein/377/saison_id/2024,17500000
Chance Liga,FK Mlada Boleslav,https://www.transfermarkt.com/fk-mlada-boleslav/kader/verein/5546/saison_id/2024,12380000
Chance Liga,FC Slovan Liberec,https://www.transfermarkt.com/fc-slovan-liberec/kader/verein/697/saison_id/2024,11450000
Chance Liga,FC Hradec Kralove,https://www.transfermarkt.com/fc-hradec-kralove/kader/verein/1897/saison_id/2024,10730000
Chance Liga,FK Teplice,https://www.transfermarkt.com/fk-teplice/kader/verein/814/saison_id/2024,10100000
Chance Liga,SK Sigma Olomouc,https://www.transfermarkt.com/sk-sigma-olomouc/kader/verein/2311/saison_id/2024,9800000
Chance Liga,1.FC Slovacko,https://www.transfermarkt.com/1-fc-slovacko/kader/verein/5544/saison_id/2024,8830000
Chance Liga,FK Jablonec,https://www.transfermarkt.com/fk-jablonec/kader/verein/1322/saison_id/2024,8630000
Chance Liga,MFK Karvina,https://www.transfermarkt.com/mfk-karvina/kader/verein/13726/saison_id/2024,8080000
Chance Liga,FK Pardubice,https://www.transfermarkt.com/fk-pardubice/kader/verein/1496/saison_id/2024,7000000
Chance Liga,Bohemians Prague 1905,https://www.transfermarkt.com/bohemians-prague-1905/kader/verein/715/saison_id/2024,6650000
Chance Liga,FK Dukla Prague,https://www.transfermarkt.com/fk-dukla-prague/kader/verein/450/saison_id/2024,5000000
Chance Liga,SK Dynamo Ceske Budejovice,https://www.transfermarkt.com/sk-dynamo-ceske-budejovice/kader/verein/1321/saison_id/2024,4800000
Premier Liga,Zenit St. Petersburg,https://www.transfermarkt.com/zenit-st-petersburg/kader/verein/964/saison_id/2024,181200000
Premier Liga,Spartak Moscow,https://www.transfermarkt.com/spartak-moscow/kader/verein/232/saison_id/2024,103250000
Premier Liga,Dynamo Moscow,https://www.transfermarkt.com/dynamo-moscow/kader/verein/121/saison_id/2024,94900000
Premier Liga,FC Krasnodar,https://www.transfermarkt.com/fc-krasnodar/kader/verein/16704/saison_id/2024,87900000
Premier Liga,Lokomotiv Moscow,https://www.transfermarkt.com/lokomotiv-moscow/kader/verein/932/saison_id/2024,83030000
Premier Liga,CSKA Moscow,https://www.transfermarkt.com/cska-moscow/kader/verein/2410/saison_id/2024,77450000
Premier Liga,FC Rostov,https://www.transfermarkt.com/fc-rostov/kader/verein/1083/saison_id/2024,55430000
Premier Liga,Krylya Sovetov Samara,https://www.transfermarkt.com/krylya-sovetov-samara/kader/verein/2696/saison_id/2024,49650000
Premier Liga,Rubin Kazan,https://www.transfermarkt.com/rubin-kazan/kader/verein/2698/saison_id/2024,33500000
Premier Liga,Akhmat Grozny,https://www.transfermarkt.com/akhmat-grozny/kader/verein/3725/saison_id/2024,28300000
Premier Liga,FC Orenburg,https://www.transfermarkt.com/fc-orenburg/kader/verein/14589/saison_id/2024,25650000
Premier Liga,FC Khimki,https://www.transfermarkt.com/fc-khimki/kader/verein/3719/saison_id/2024,24150000
Premier Liga,FC Pari Nizhniy Novgorod,https://www.transfermarkt.com/fc-pari-nizhniy-novgorod/kader/verein/49702/saison_id/2024,19730000
Premier Liga,Akron Togliatti,https://www.transfermarkt.com/akron-togliatti/kader/verein/71985/saison_id/2024,19650000
Premier Liga,Dinamo Makhachkala,https://www.transfermarkt.com/dinamo-makhachkala/kader/verein/75231/saison_id/2024,16180000
Premier Liga,Fakel Voronezh,https://www.transfermarkt.com/fakel-voronezh/kader/verein/1124/saison_id/2024,13200000
Premiership,Celtic FC,https://www.transfermarkt.com/celtic-fc/kader/verein/371/saison_id/2024,133229999
Premiership,Rangers FC,https://www.transfermarkt.com/rangers-fc/kader/verein/124/saison_id/2024,80650000
Premiership,Heart of Midlothian FC,https://www.transfermarkt.com/heart-of-midlothian-fc/kader/verein/43/saison_id/2024,19050000
Premiership,Aberdeen FC,https://www.transfermarkt.com/aberdeen-fc/kader/verein/370/saison_id/2024,18050000
Premiership,Hibernian FC,https://www.transfermarkt.com/hibernian-fc/kader/verein/903/saison_id/2024,14550000
Premiership,Motherwell FC,https://www.transfermarkt.com/motherwell-fc/kader/verein/987/saison_id/2024,12650000
Premiership,Kilmarnock FC,https://www.transfermarkt.com/kilmarnock-fc/kader/verein/2553/saison_id/2024,9750000
Premiership,Dundee FC,https://www.transfermarkt.com/dundee-fc/kader/verein/511/saison_id/2024,8780000
Premiership,St. Mirren FC,https://www.transfermarkt.com/st-mirren-fc/kader/verein/465/saison_id/2024,8150000
Premiership,Dundee United FC,https://www.transfermarkt.com/dundee-united-fc/kader/verein/1519/saison_id/2024,7880000
Premiership,St. Johnstone FC,https://www.transfermarkt.com/st-johnstone-fc/kader/verein/2578/saison_id/2024,6800000
Premiership,Ross County FC,https://www.transfermarkt.com/ross-county-fc/kader/verein/2759/saison_id/2024,6480000
Allsvenskan,Malmö FF,https://www.transfermarkt.com/malmo-ff/kader/verein/496/saison_id/2023,38450000
Allsvenskan,BK Häcken,https://www.transfermarkt.com/bk-hacken/kader/verein/1109/saison_id/2023,28880000
Allsvenskan,Hammarby IF,https://www.transfermarkt.com/hammarby-if/kader/verein/1059/saison_id/2023,28700000
Allsvenskan,IF Elfsborg,https://www.transfermarkt.com/if-elfsborg/kader/verein/1101/saison_id/2023,26000000
Allsvenskan,AIK,https://www.transfermarkt.com/aiktm/kader/verein/272/saison_id/2023,21730000
Allsvenskan,Djurgårdens IF,https://www.transfermarkt.com/djurgardens-if/kader/verein/1044/saison_id/2023,19650000
Allsvenskan,IFK Göteborg,https://www.transfermarkt.com/ifk-goteborg/kader/verein/801/saison_id/2023,18100000
Allsvenskan,IK Sirius,https://www.transfermarkt.com/ik-sirius/kader/verein/7945/saison_id/2023,15450000
Allsvenskan,IFK Norrköping,https://www.transfermarkt.com/ifk-norrkoping/kader/verein/2844/saison_id/2023,13280000
Allsvenskan,Mjällby AIF,https://www.transfermarkt.com/mjallby-aif/kader/verein/2719/saison_id/2023,10830000
Allsvenskan,Västerås SK,https://www.transfermarkt.com/vasteras-sk/kader/verein/5202/saison_id/2023,9890000
Allsvenskan,GAIS,https://www.transfermarkt.com/gais/kader/verein/7009/saison_id/2023,9850000
Allsvenskan,Kalmar FF,https://www.transfermarkt.com/kalmar-ff/kader/verein/3654/saison_id/2023,9480000
Allsvenskan,IF Brommapojkarna,https://www.transfermarkt.com/if-brommapojkarna/kader/verein/1092/saison_id/2023,9430000
Allsvenskan,IFK Värnamo,https://www.transfermarkt.com/ifk-varnamo/kader/verein/3622/saison_id/2023,8950000
Allsvenskan,Halmstads BK,https://www.transfermarkt.com/halmstads-bk/kader/verein/1011/saison_id/2023,6830000
Super liga Srbije,Red Star Belgrade,https://www.transfermarkt.com/red-star-belgrade/kader/verein/159/saison_id/2024,78550000
Super liga Srbije,FK TSC Backa Topola,https://www.transfermarkt.com/fk-tsc-backa-topola/kader/verein/3137/saison_id/2024,28230000
Super liga Srbije,FK Partizan Belgrade,https://www.transfermarkt.com/fk-partizan-belgrade/kader/verein/669/saison_id/2024,28200000
Super liga Srbije,FK Cukaricki,https://www.transfermarkt.com/fk-cukaricki/kader/verein/6621/saison_id/2024,20000000
Super liga Srbije,FK Vojvodina Novi Sad,https://www.transfermarkt.com/fk-vojvodina-novi-sad/kader/verein/448/saison_id/2024,19200000
Super liga Srbije,FK Spartak Subotica,https://www.transfermarkt.com/fk-spartak-subotica/kader/verein/15276/saison_id/2024,13760000
Super liga Srbije,OFK Beograd,https://www.transfermarkt.com/ofk-beograd/kader/verein/53/saison_id/2024,11140000
Super liga Srbije,FK IMT Belgrad,https://www.transfermarkt.com/fk-imt-belgrad/kader/verein/32113/saison_id/2024,10280000
Super liga Srbije,FK Radnicki 1923 Kragujevac,https://www.transfermarkt.com/fk-radnicki-1923-kragujevac/kader/verein/4645/saison_id/2024,10130000
Super liga Srbije,FK Napredak Krusevac,https://www.transfermarkt.com/fk-napredak-krusevac/kader/verein/788/saison_id/2024,8580000
Super liga Srbije,FK Novi Pazar,https://www.transfermarkt.com/fk-novi-pazar/kader/verein/4633/saison_id/2024,8500000
Super liga Srbije,FK Radnicki Nis,https://www.transfermarkt.com/fk-radnicki-nis/kader/verein/7567/saison_id/2024,8080000
Super liga Srbije,Zeleznicar Pancevo,https://www.transfermarkt.com/zeleznicar-pancevo/kader/verein/59358/saison_id/2024,7880000
Super liga Srbije,FK Jedinstvo Ub,https://www.transfermarkt.com/fk-jedinstvo-ub/kader/verein/20887/saison_id/2024,5580000
Super liga Srbije,FK Mladost Lucani,https://www.transfermarkt.com/fk-mladost-lucani/kader/verein/6622/saison_id/2024,5450000
Super liga Srbije,FK Tekstilac Odzaci,https://www.transfermarkt.com/fk-tekstilac-odzaci/kader/verein/36922/saison_id/2024,4040000
,FC Copenhagen,https://www.transfermarkt.com/fc-copenhagen/kader/verein/190/saison_id/2024,70400000
,FC Midtjylland,https://www.transfermarkt.com/fc-midtjylland/kader/verein/865/saison_id/2024,63000000
,Bröndby IF,https://www.transfermarkt.com/brondby-if/kader/verein/206/saison_id/2024,51230000
,FC Nordsjaelland,https://www.transfermarkt.com/fc-nordsjaelland/kader/verein/2778/saison_id/2024,23750000
,Viborg FF,https://www.transfermarkt.com/viborg-ff/kader/verein/1063/saison_id/2024,19950000
,Aarhus GF,https://www.transfermarkt.com/aarhus-gf/kader/verein/678/saison_id/2024,19780000
,Silkeborg IF,https://www.transfermarkt.com/silkeborg-if/kader/verein/1177/saison_id/2024,13700000
,Randers FC,https://www.transfermarkt.com/randers-fc/kader/verein/5724/saison_id/2024,12380000
,Vejle Boldklub,https://www.transfermarkt.com/vejle-boldklub/kader/verein/443/saison_id/2024,12300000
,Aalborg BK,https://www.transfermarkt.com/aalborg-bk/kader/verein/1053/saison_id/2024,10330000
,Lyngby BK,https://www.transfermarkt.com/lyngby-bk/kader/verein/369/saison_id/2024,9750000
,Sönderjyske,https://www.transfermarkt.com/sonderjyske/kader/verein/5817/saison_id/2024,8530000
Bundesliga,Red Bull Salzburg,https://www.transfermarkt.com/red-bull-salzburg/kader/verein/409/saison_id/2024,202400000
Bundesliga,SK Sturm Graz,https://www.transfermarkt.com/sk-sturm-graz/kader/verein/122/saison_id/2024,68900000
Bundesliga,Rapid Vienna,https://www.transfermarkt.com/rapid-vienna/kader/verein/170/saison_id/2024,41500000
Bundesliga,LASK,https://www.transfermarkt.com/lask/kader/verein/413/saison_id/2024,39150000
Bundesliga,Austria Vienna,https://www.transfermarkt.com/austria-vienna/kader/verein/14/saison_id/2024,17700000
Bundesliga,Wolfsberger AC,https://www.transfermarkt.com/wolfsberger-ac/kader/verein/4441/saison_id/2024,17530000
Bundesliga,SCR Altach,https://www.transfermarkt.com/scr-altach/kader/verein/3551/saison_id/2024,12230000
Bundesliga,TSV Hartberg,https://www.transfermarkt.com/tsv-hartberg/kader/verein/4467/saison_id/2024,12130000
Bundesliga,FC Blau-Weiss Linz,https://www.transfermarkt.com/fc-blau-weiss-linz/kader/verein/2157/saison_id/2024,10130000
Bundesliga,WSG Tirol,https://www.transfermarkt.com/wsg-tirol/kader/verein/2446/saison_id/2024,8680000
Bundesliga,SK Austria Klagenfurt,https://www.transfermarkt.com/sk-austria-klagenfurt/kader/verein/28760/saison_id/2024,8500000
Bundesliga,Grazer AK 1902,https://www.transfermarkt.com/grazer-ak-1902/kader/verein/316/saison_id/2024,7800000
Eliteserien,FK Bodø/Glimt,https://www.transfermarkt.com/fk-bodo-glimt/kader/verein/501/saison_id/2023,42800000
Eliteserien,Molde FK,https://www.transfermarkt.com/molde-fk/kader/verein/687/saison_id/2023,32500000
Eliteserien,Rosenborg BK,https://www.transfermarkt.com/rosenborg-bk/kader/verein/195/saison_id/2023,31050000
Eliteserien,SK Brann,https://www.transfermarkt.com/sk-brann/kader/verein/1100/saison_id/2023,18830000
Eliteserien,Tromsø IL,https://www.transfermarkt.com/tromso-il/kader/verein/1293/saison_id/2023,17430000
Eliteserien,Sarpsborg 08 FF,https://www.transfermarkt.com/sarpsborg-08-ff/kader/verein/10217/saison_id/2023,16350000
Eliteserien,Viking FK,https://www.transfermarkt.com/viking-fk/kader/verein/239/saison_id/2023,15750000
Eliteserien,Fredrikstad FK,https://www.transfermarkt.com/fredrikstad-fk/kader/verein/3837/saison_id/2023,13300000
Eliteserien,Lillestrøm SK,https://www.transfermarkt.com/lillestrom-sk/kader/verein/353/saison_id/2023,12950000
Eliteserien,FK Haugesund,https://www.transfermarkt.com/fk-haugesund/kader/verein/2761/saison_id/2023,10700000
Eliteserien,Strømsgodset IF,https://www.transfermarkt.com/stromsgodset-if/kader/verein/2817/saison_id/2023,10650000
Eliteserien,Odds BK,https://www.transfermarkt.com/odds-bk/kader/verein/1058/saison_id/2023,9650000
Eliteserien,Kristiansund BK,https://www.transfermarkt.com/kristiansund-bk/kader/verein/21101/saison_id/2023,8850000
Eliteserien,Sandefjord Fotball,https://www.transfermarkt.com/sandefjord-fotball/kader/verein/6399/saison_id/2023,8150000
Eliteserien,KFUM-Kameratene Oslo,https://www.transfermarkt.com/kfum-kameratene-oslo/kader/verein/23184/saison_id/2023,7300000
Eliteserien,Hamarkameratene,https://www.transfermarkt.com/hamarkameratene/kader/verein/4309/saison_id/2023,7100000
SuperSport HNL,GNK Dinamo Zagreb,https://www.transfermarkt.com/gnk-dinamo-zagreb/kader/verein/419/saison_id/2024,73150000
SuperSport HNL,HNK Hajduk Split,https://www.transfermarkt.com/hnk-hajduk-split/kader/verein/447/saison_id/2024,50240000
SuperSport HNL,HNK Rijeka,https://www.transfermarkt.com/hnk-rijeka/kader/verein/144/saison_id/2024,34450000
SuperSport HNL,NK Osijek,https://www.transfermarkt.com/nk-osijek/kader/verein/327/saison_id/2024,19800000
SuperSport HNL,NK Lokomotiva Zagreb,https://www.transfermarkt.com/nk-lokomotiva-zagreb/kader/verein/11194/saison_id/2024,12000000
SuperSport HNL,HNK Gorica,https://www.transfermarkt.com/hnk-gorica/kader/verein/24575/saison_id/2024,10780000
SuperSport HNL,Slaven Belupo Koprivnica,https://www.transfermarkt.com/slaven-belupo-koprivnica/kader/verein/2362/saison_id/2024,9280000
SuperSport HNL,NK Istra 1961,https://www.transfermarkt.com/nk-istra-1961/kader/verein/999/saison_id/2024,8680000
SuperSport HNL,HNK Sibenik,https://www.transfermarkt.com/hnk-sibenik/kader/verein/223/saison_id/2024,7640000
SuperSport HNL,NK Varazdin,https://www.transfermarkt.com/nk-varazdin/kader/verein/599/saison_id/2024,7000000
Premier Liga,Shakhtar Donetsk,https://www.transfermarkt.com/shakhtar-donetsk/kader/verein/660/saison_id/2024,160200000
Premier Liga,Dynamo Kyiv,https://www.transfermarkt.com/dynamo-kyiv/kader/verein/338/saison_id/2024,81500000
Premier Liga,Polissya Zhytomyr,https://www.transfermarkt.com/polissya-zhytomyr/kader/verein/53646/saison_id/2024,22450000
Premier Liga,Rukh Lviv,https://www.transfermarkt.com/rukh-lviv/kader/verein/48726/saison_id/2024,15800000
Premier Liga,Kryvbas Kryvyi Rig,https://www.transfermarkt.com/kryvbas-kryvyi-rig/kader/verein/3592/saison_id/2024,14650000
Premier Liga,Zorya Lugansk,https://www.transfermarkt.com/zorya-lugansk/kader/verein/10690/saison_id/2024,12250000
Premier Liga,LNZ Cherkasy,https://www.transfermarkt.com/lnz-cherkasy/kader/verein/63007/saison_id/2024,12150000
Premier Liga,Karpaty Lviv,https://www.transfermarkt.com/karpaty-lviv/kader/verein/85465/saison_id/2024,12100000
Premier Liga,FC Oleksandriya,https://www.transfermarkt.com/fc-oleksandriya/kader/verein/18303/saison_id/2024,10550000
Premier Liga,Kolos Kovalivka,https://www.transfermarkt.com/kolos-kovalivka/kader/verein/48332/saison_id/2024,10000000
Premier Liga,Vorskla Poltava,https://www.transfermarkt.com/vorskla-poltava/kader/verein/2740/saison_id/2024,9600000
Premier Liga,Obolon Kyiv,https://www.transfermarkt.com/obolon-kyiv/kader/verein/39097/saison_id/2024,7350000
Premier Liga,Chornomorets Odesa,https://www.transfermarkt.com/chornomorets-odesa/kader/verein/6992/saison_id/2024,6600000
Premier Liga,NK Veres Rivne,https://www.transfermarkt.com/nk-veres-rivne/kader/verein/26459/saison_id/2024,5750000
Premier Liga,Ingulets Petrove,https://www.transfermarkt.com/ingulets-petrove/kader/verein/49364/saison_id/2024,5050000
Premier Liga,Livyi Bereg Kyiv,https://www.transfermarkt.com/livyi-bereg-kyiv/kader/verein/86209/saison_id/2024,4850000
Super Liga,FCSB,https://www.transfermarkt.com/fcsb/kader/verein/301/saison_id/2024,36850000
Super Liga,FC Rapid 1923,https://www.transfermarkt.com/fc-rapid-1923/kader/verein/455/saison_id/2024,30750000
Super Liga,CS Universitatea Craiova,https://www.transfermarkt.com/cs-universitatea-craiova/kader/verein/40812/saison_id/2024,26650000
Super Liga,CFR Cluj,https://www.transfermarkt.com/cfr-cluj/kader/verein/7769/saison_id/2024,15650000
Super Liga,Sepsi OSK Sf. Gheorghe,https://www.transfermarkt.com/sepsi-osk-sf-gheorghe/kader/verein/54585/saison_id/2024,15080000
Super Liga,FC Universitatea Cluj,https://www.transfermarkt.com/fc-universitatea-cluj/kader/verein/6429/saison_id/2024,13850000
Super Liga,SC Otelul Galati,https://www.transfermarkt.com/sc-otelul-galati/kader/verein/4959/saison_id/2024,11230000
Super Liga,FC Dinamo 1948,https://www.transfermarkt.com/fc-dinamo-1948/kader/verein/312/saison_id/2024,10880000
Super Liga,FC Hermannstadt,https://www.transfermarkt.com/fc-hermannstadt/kader/verein/58049/saison_id/2024,10550000
Super Liga,FCV Farul Constanta,https://www.transfermarkt.com/fcv-farul-constanta/kader/verein/29831/saison_id/2024,10230000
Super Liga,Petrolul Ploiesti,https://www.transfermarkt.com/petrolul-ploiesti/kader/verein/9465/saison_id/2024,9700000
Super Liga,ACSM Politehnica Iasi,https://www.transfermarkt.com/acsm-politehnica-iasi/kader/verein/33966/saison_id/2024,9230000
Super Liga,FC Botosani,https://www.transfermarkt.com/fc-botosani/kader/verein/8818/saison_id/2024,9000000
Super Liga,UTA Arad,https://www.transfermarkt.com/uta-arad/kader/verein/952/saison_id/2024,8380000
Super Liga,FC Buzău,https://www.transfermarkt.com/fc-buzau/kader/verein/11380/saison_id/2024,8310000
Super Liga,AFC Unirea 04 Slobozia,https://www.transfermarkt.com/afc-unirea-04-slobozia/kader/verein/29700/saison_id/2024,6080000
efbet Liga,Ludogorets Razgrad,https://www.transfermarkt.com/ludogorets-razgrad/kader/verein/31614/saison_id/2024,51800000
efbet Liga,CSKA-Sofia,https://www.transfermarkt.com/cska-sofia/kader/verein/208/saison_id/2024,23100000
efbet Liga,Levski Sofia,https://www.transfermarkt.com/levski-sofia/kader/verein/156/saison_id/2024,17750000
efbet Liga,Botev Plovdiv,https://www.transfermarkt.com/botev-plovdiv/kader/verein/2531/saison_id/2024,12800000
efbet Liga,CSKA 1948,https://www.transfermarkt.com/cska-1948/kader/verein/61955/saison_id/2024,9730000
efbet Liga,Arda Kardzhali,https://www.transfermarkt.com/arda-kardzhali/kader/verein/40604/saison_id/2024,9600000
efbet Liga,Cherno More Varna,https://www.transfermarkt.com/cherno-more-varna/kader/verein/967/saison_id/2024,8000000
efbet Liga,Lokomotiv Plovdiv,https://www.transfermarkt.com/lokomotiv-plovdiv/kader/verein/2259/saison_id/2024,7250000
efbet Liga,Krumovgrad,https://www.transfermarkt.com/krumovgrad/kader/verein/91158/saison_id/2024,6800000
efbet Liga,Slavia Sofia,https://www.transfermarkt.com/slavia-sofia/kader/verein/675/saison_id/2024,6600000
efbet Liga,Spartak Varna,https://www.transfermarkt.com/spartak-varna/kader/verein/9599/saison_id/2024,6100000
efbet Liga,Lokomotiv Sofia,https://www.transfermarkt.com/lokomotiv-sofia/kader/verein/730/saison_id/2024,5220000
efbet Liga,Septemvri Sofia,https://www.transfermarkt.com/septemvri-sofia/kader/verein/40416/saison_id/2024,5210000
efbet Liga,Beroe Stara Zagora,https://www.transfermarkt.com/beroe-stara-zagora/kader/verein/6764/saison_id/2024,5000000
efbet Liga,Botev Vratsa,https://www.transfermarkt.com/botev-vratsa/kader/verein/26462/saison_id/2024,4910000
efbet Liga,Hebar Pazardzhik,https://www.transfermarkt.com/hebar-pazardzhik/kader/verein/26563/saison_id/2024,3600000
NB I.,Ferencvárosi TC,https://www.transfermarkt.com/ferencvarosi-tc/kader/verein/279/saison_id/2024,59430000
NB I.,Újpest FC,https://www.transfermarkt.com/ujpest-fc/kader/verein/708/saison_id/2024,12550000
NB I.,Fehérvár FC,https://www.transfermarkt.com/fehervar-fc/kader/verein/11107/saison_id/2024,10850000
NB I.,Puskás Akadémia FC,https://www.transfermarkt.com/puskas-akademia-fc/kader/verein/37169/saison_id/2024,10500000
NB I.,Debreceni VSC,https://www.transfermarkt.com/debreceni-vsc/kader/verein/84/saison_id/2024,10430000
NB I.,ETO FC Győr,https://www.transfermarkt.com/eto-fc-gyor/kader/verein/6055/saison_id/2024,9100000
NB I.,Diósgyőri VTK,https://www.transfermarkt.com/diosgyori-vtk/kader/verein/9241/saison_id/2024,8450000
NB I.,MTK Budapest,https://www.transfermarkt.com/mtk-budapest/kader/verein/634/saison_id/2024,8430000
NB I.,Paksi FC,https://www.transfermarkt.com/paksi-fc/kader/verein/12163/saison_id/2024,8279999
NB I.,Nyíregyháza Spartacus,https://www.transfermarkt.com/nyiregyhaza-spartacus/kader/verein/6058/saison_id/2024,6860000
NB I.,Zalaegerszegi TE FC,https://www.transfermarkt.com/zalaegerszegi-te-fc/kader/verein/1391/saison_id/2024,6430000
NB I.,Kecskeméti TE,https://www.transfermarkt.com/kecskemeti-te/kader/verein/12423/saison_id/2024,5840000
Ekstraklasa,Legia Warszawa,https://www.transfermarkt.com/legia-warszawa/kader/verein/255/saison_id/2024,26400000
Ekstraklasa,Lech Poznan,https://www.transfermarkt.com/lech-poznan/kader/verein/238/saison_id/2024,25700000
Ekstraklasa,Raków Częstochowa,https://www.transfermarkt.com/rakow-czestochowa/kader/verein/9644/saison_id/2024,25450000
Ekstraklasa,Jagiellonia Bialystok,https://www.transfermarkt.com/jagiellonia-bialystok/kader/verein/2300/saison_id/2024,15950000
Ekstraklasa,Slask Wroclaw,https://www.transfermarkt.com/slask-wroclaw/kader/verein/759/saison_id/2024,15450000
Ekstraklasa,Cracovia,https://www.transfermarkt.com/cracovia/kader/verein/5689/saison_id/2024,15150000
Ekstraklasa,Zaglebie Lubin,https://www.transfermarkt.com/zaglebie-lubin/kader/verein/168/saison_id/2024,14150000
Ekstraklasa,Pogon Szczecin,https://www.transfermarkt.com/pogon-szczecin/kader/verein/324/saison_id/2024,12630000
Ekstraklasa,Lechia Gdansk,https://www.transfermarkt.com/lechia-gdansk/kader/verein/4000/saison_id/2024,11780000
Ekstraklasa,Górnik Zabrze,https://www.transfermarkt.com/gornik-zabrze/kader/verein/428/saison_id/2024,11250000
Ekstraklasa,Piast Gliwice,https://www.transfermarkt.com/piast-gliwice/kader/verein/6112/saison_id/2024,10530000
Ekstraklasa,Widzew Lodz,https://www.transfermarkt.com/widzew-lodz/kader/verein/88/saison_id/2024,10230000
Ekstraklasa,Stal Mielec,https://www.transfermarkt.com/stal-mielec/kader/verein/22431/saison_id/2024,9600000
Ekstraklasa,Korona Kielce,https://www.transfermarkt.com/korona-kielce/kader/verein/6110/saison_id/2024,9030000
Ekstraklasa,Motor Lublin,https://www.transfermarkt.com/motor-lublin/kader/verein/3527/saison_id/2024,8530000
Ekstraklasa,Radomiak Radom,https://www.transfermarkt.com/radomiak-radom/kader/verein/7154/saison_id/2024,8230000
Ekstraklasa,GKS Katowice,https://www.transfermarkt.com/gks-katowice/kader/verein/6456/saison_id/2024,8100000
Ekstraklasa,Puszcza Niepolomice,https://www.transfermarkt.com/puszcza-niepolomice/kader/verein/28893/saison_id/2024,7650000
Premium Liiga,FCI Levadia,https://www.transfermarkt.com/fci-levadia/kader/verein/5771/saison_id/2023,4000000
Premium Liiga,Paide Linnameeskond,https://www.transfermarkt.com/paide-linnameeskond/kader/verein/23371/saison_id/2023,3670000
Premium Liiga,FC Flora Tallinn,https://www.transfermarkt.com/fc-flora-tallinn/kader/verein/1002/saison_id/2023,3480000
Premium Liiga,Kalju FC,https://www.transfermarkt.com/kalju-fc/kader/verein/22783/saison_id/2023,2960000
Premium Liiga,Pärnu JK Vaprus,https://www.transfermarkt.com/parnu-jk-vaprus/kader/verein/33579/saison_id/2023,2110000
Premium Liiga,Kalev Tallinn,https://www.transfermarkt.com/kalev-tallinn/kader/verein/23370/saison_id/2023,2049999
Premium Liiga,Jalgpallikool Tammeka,https://www.transfermarkt.com/jalgpallikool-tammeka/kader/verein/43214/saison_id/2023,1990000
Premium Liiga,FC Kuressaare,https://www.transfermarkt.com/fc-kuressaare/kader/verein/23368/saison_id/2023,1940000
Premium Liiga,JK Trans Narva,https://www.transfermarkt.com/jk-trans-narva/kader/verein/7130/saison_id/2023,1680000
Premium Liiga,FC Nomme United,https://www.transfermarkt.com/fc-nomme-united/kader/verein/28780/saison_id/2023,1650000
Premier Liga,Kairat Almaty,https://www.transfermarkt.com/kairat-almaty/kader/verein/10482/saison_id/2023,10500000
Premier Liga,FC Astana,https://www.transfermarkt.com/fc-astana/kader/verein/22220/saison_id/2023,10200000
Premier Liga,Ordabasy Shymkent,https://www.transfermarkt.com/ordabasy-shymkent/kader/verein/16779/saison_id/2023,9000000
Premier Liga,Tobol Kostanay,https://www.transfermarkt.com/tobol-kostanay/kader/verein/10481/saison_id/2023,8500000
Premier Liga,FC Aktobe,https://www.transfermarkt.com/fc-aktobe/kader/verein/10157/saison_id/2023,8350000
Premier Liga,Yelimay Semey,https://www.transfermarkt.com/yelimay-semey/kader/verein/31007/saison_id/2023,6690000
Premier Liga,Qyzyljar Petropavlovsk,https://www.transfermarkt.com/qyzyljar-petropavlovsk/kader/verein/22995/saison_id/2023,4510000
Premier Liga,FC Atyrau,https://www.transfermarkt.com/fc-atyrau/kader/verein/16198/saison_id/2023,4380000
Premier Liga,Zhenis Astana,https://www.transfermarkt.com/zhenis-astana/kader/verein/12019/saison_id/2023,4340000
Premier Liga,Zhetysu Taldykorgan,https://www.transfermarkt.com/zhetysu-taldykorgan/kader/verein/15299/saison_id/2023,4000000
Premier Liga,Kaysar Kyzylorda,https://www.transfermarkt.com/kaysar-kyzylorda/kader/verein/19294/saison_id/2023,3900000
Premier Liga,FC Turan,https://www.transfermarkt.com/fc-turan/kader/verein/77711/saison_id/2023,3560000
Premier Liga,Shakhter Karaganda,https://www.transfermarkt.com/shakhter-karaganda/kader/verein/10480/saison_id/2023,3000000
Bundesliga,Bayern Munich,https://www.transfermarkt.com/bayern-munich/kader/verein/27/saison_id/2024,936700000
Bundesliga,Bayer 04 Leverkusen,https://www.transfermarkt.com/bayer-04-leverkusen/kader/verein/15/saison_id/2024,635100000
Bundesliga,RB Leipzig,https://www.transfermarkt.com/rb-leipzig/kader/verein/23826/saison_id/2024,517900000
Bundesliga,Borussia Dortmund,https://www.transfermarkt.com/borussia-dortmund/kader/verein/16/saison_id/2024,474900000
Bundesliga,VfB Stuttgart,https://www.transfermarkt.com/vfb-stuttgart/kader/verein/79/saison_id/2024,313730000
Bundesliga,Eintracht Frankfurt,https://www.transfermarkt.com/eintracht-frankfurt/kader/verein/24/saison_id/2024,279700000
Bundesliga,VfL Wolfsburg,https://www.transfermarkt.com/vfl-wolfsburg/kader/verein/82/saison_id/2024,215000000
Bundesliga,SC Freiburg,https://www.transfermarkt.com/sc-freiburg/kader/verein/60/saison_id/2024,169050000
Bundesliga,TSG 1899 Hoffenheim,https://www.transfermarkt.com/tsg-1899-hoffenheim/kader/verein/533/saison_id/2024,166150000
Bundesliga,Borussia Mönchengladbach,https://www.transfermarkt.com/borussia-monchengladbach/kader/verein/18/saison_id/2024,139700000
Bundesliga,1.FC Union Berlin,https://www.transfermarkt.com/1-fc-union-berlin/kader/verein/89/saison_id/2024,122180000
Bundesliga,SV Werder Bremen,https://www.transfermarkt.com/sv-werder-bremen/kader/verein/86/saison_id/2024,119350000
Bundesliga,FC Augsburg,https://www.transfermarkt.com/fc-augsburg/kader/verein/167/saison_id/2024,99330000
Bundesliga,1.FSV Mainz 05,https://www.transfermarkt.com/1-fsv-mainz-05/kader/verein/39/saison_id/2024,93450000
Bundesliga,1.FC Heidenheim 1846,https://www.transfermarkt.com/1-fc-heidenheim-1846/kader/verein/2036/saison_id/2024,63300000
Bundesliga,VfL Bochum,https://www.transfermarkt.com/vfl-bochum/kader/verein/80/saison_id/2024,60750000
Bundesliga,FC St. Pauli,https://www.transfermarkt.com/fc-st-pauli/kader/verein/35/saison_id/2024,40730000
Bundesliga,Holstein Kiel,https://www.transfermarkt.com/holstein-kiel/kader/verein/269/saison_id/2024,36300000
Meridianbet 1. CFL,Buducnost Podgorica,https://www.transfermarkt.com/buducnost-podgorica/kader/verein/4391/saison_id/2024,4370000
Meridianbet 1. CFL,FK Decic Tuzi,https://www.transfermarkt.com/fk-decic-tuzi/kader/verein/11065/saison_id/2024,4010000
Meridianbet 1. CFL,OFK Petrovac,https://www.transfermarkt.com/ofk-petrovac/kader/verein/12889/saison_id/2024,2770000
Meridianbet 1. CFL,FK Mornar Bar,https://www.transfermarkt.com/fk-mornar-bar/kader/verein/4639/saison_id/2024,2570000
Meridianbet 1. CFL,Jedinstvo Bijelo Polje,https://www.transfermarkt.com/jedinstvo-bijelo-polje/kader/verein/8357/saison_id/2024,2540000
Meridianbet 1. CFL,FK Sutjeska Niksic,https://www.transfermarkt.com/fk-sutjeska-niksic/kader/verein/3070/saison_id/2024,2190000
Meridianbet 1. CFL,Arsenal Tivat,https://www.transfermarkt.com/arsenal-tivat/kader/verein/37989/saison_id/2024,2029999
Meridianbet 1. CFL,FK Jezero,https://www.transfermarkt.com/fk-jezero/kader/verein/21575/saison_id/2024,1790000
Meridianbet 1. CFL,FK Bokelj,https://www.transfermarkt.com/fk-bokelj/kader/verein/4949/saison_id/2024,660000
Meridianbet 1. CFL,FK Otrant-Olympic Ulcinj,https://www.transfermarkt.com/fk-otrant-olympic-ulcinj/kader/verein/15588/saison_id/2024,400000
